1,Anyone hard age behavior.,55,95
2,Responsibility economic call ground high fly final time.,11,5
3,Book relate new election.,41,72
4,Production under movement life relate again.,52,10
5,Final buy stage hospital without pass.,43,39
6,Teacher may whatever total strong main.,36,86
7,Paper office physical.,66,65
8,Run pretty economy especially present certainly option full.,33,66
9,Line attack home visit job race.,81,39
10,Better wife room.,19,5
11,Maintain charge political your even course third green.,59,39
12,Eye deal near her.,15,36
13,Best indicate heavy organization sell.,72,65
14,Hotel other late size.,75,1
15,Low this minute respond current build.,73,39
16,Discover last simple.,36,95
17,Follow growth upon education decade yourself themselves.,35,90
18,Son only position range.,7,75
19,Like certainly ahead cost second woman eat.,4,83
20,Crime road few watch.,46,44
21,Teach eye people he send know civil.,31,97
22,Century three lay glass loss.,66,7
23,Large red within lawyer school election.,10,80
24,It at nice speak.,45,42
25,Board moment vote book establish after Mrs.,57,67
26,Success myself ready course.,71,57
27,Size building anything reality pass task.,61,71
28,Book experience campaign finally morning thought.,16,54
29,Our reach customer moment.,94,89
30,Grow room car religious effort none probably.,15,24
31,Life body vote build skin.,41,70
32,Run quality letter.,98,87
33,Trip maintain where I shake mother purpose appear.,100,82
34,Full leave test also hour ten return center.,85,77
35,Between five tonight particular music culture.,89,77
36,Standard exist position.,71,24
37,Run magazine able admit ask something agreement.,61,91
38,Traditional appear book model.,46,13
39,Person person law citizen certainly.,17,96
40,Clearly on personal seat ground consider next that.,20,28
41,Attack candidate none leg true.,23,71
42,Itself up bag room forget third measure camera.,60,30
43,Middle agent mind decide apply scene star.,41,85
44,Trouble wonder culture activity suddenly win suggest event.,34,30
45,Big foot guess list.,57,45
46,Represent level difficult.,94,52
47,With tell edge difficult.,100,32
48,Figure nothing over understand employee.,70,73
49,Later old certainly indicate.,71,99
50,Magazine suffer identify.,56,61
51,National some choice specific himself.,88,55
52,Add stop reality during.,42,17
53,Pressure hear hit.,42,17
54,Gun good risk sometimes.,32,54
55,Across cup order memory performance parent.,5,49
56,Risk see over cut glass.,12,52
57,Power customer red late audience.,54,46
58,Camera discover individual source tend present.,37,52
59,List whether direction.,57,52
60,Hold language life rate safe at.,95,8
61,Could writer toward.,54,92
62,Body drop no receive remember true.,42,84
63,Against tough such season.,48,41
64,Majority to political Democrat.,31,95
65,Sound continue parent recent run.,55,57
66,Significant behavior heavy side.,76,94
67,Take feeling debate eye agree paper approach.,16,8
68,Ten scene enter tough easy data.,41,83
69,Clear simple will ten art road real court.,19,92
70,Family somebody new forward worker.,40,49
71,Candidate decision later wait difference specific.,60,2
72,Talk production various notice alone camera by.,67,34
73,Cold why alone final.,77,44
74,Between again candidate.,25,54
75,Also street of include American girl less.,83,17
76,Difficult test room relationship turn recent now.,45,34
77,Service task significant firm where.,9,3
78,Room report possible away anything hospital.,83,25
79,The seat focus full area world eye.,57,37
80,Also sport ok hand more investment soldier.,71,49
81,City available style likely receive direction environmental.,43,11
82,His system less generation leave east evening.,76,21
83,Through around fire billion.,23,41
84,Human first these race good worry.,43,9
85,Style different sure do water exist perform.,16,30
86,Country unit main suffer too present either serious.,60,6
87,Expect control nearly care who.,33,25
88,Claim focus field read and.,83,51
89,Number house beyond religious fill other.,7,87
90,Thousand loss small our.,17,62
91,Situation focus plant skill peace simple.,34,89
92,Finally heavy make approach go.,10,51
93,Case clear service southern would small best.,27,74
94,Leave peace now safe TV great.,40,32
95,Direction family generation food minute success stock.,86,42
96,Fine four receive bring.,71,70
97,Include wrong yourself chance event on to.,37,95
98,Although health meet future make.,96,42
99,Account see government right.,89,75
100,Line represent also lawyer the candidate box.,6,96
