1,Timothy,Johnson,carrmark,Uj7MKt&(0_
2,Jennifer,Watson,imiller,%tH4OjoZ)v
3,Jamie,Garcia,hjenkins,0L06F9Ai+Y
4,Brian,Johnson,deanna33,%*9BuDQg@Q
5,Travis,Calderon,walter38,S3X0QsFa!i
6,Steven,Ballard,buckjake,j7HhWyTs$V
7,Denise,Dunlap,clarkshane,^ENs3Dbo40
8,Janice,Gilbert,bradleyhurst,_sC5l3Gki3
9,Steven,Hicks,emarquez,%DdNHWbxS8
10,Mary,Spencer,aguilarrobert,(^+hXkkm9E
11,Suzanne,Morris,michaelgarcia,dgj0)_QmB*
12,Derrick,Griffin,zsexton,%53X4+goqc
13,Jeff,Hawkins,andersonraymond,XwFBbB)Y^2
14,Randy,Mathis,walkershannon,*bO76Me%g3
15,Sarah,Blake,maylaura,)zN69BodK5
16,Sean,Young,coreymiller,2&Cl5PUgQ@
17,Jill,Brown,ctorres,M&ZA3SCwJO
18,Amber,Lewis,michael99,m6Ogj)qB%*
19,Alex,York,johnknight,8T5+*)Rhb_
20,Gina,Morrison,kyleponce,c3H9HQni_d
21,Gabrielle,Ferguson,kgonzales,^8O+3Gl8B+
22,Theresa,Anthony,youngelizabeth,Bp9$ZMbD$)
23,Kyle,Brown,schwartzmatthew,EM1PElt3#o
24,Kristine,Dorsey,esparzarobert,5cU0Y5Tz#4
25,Kevin,Meadows,daniel44,+KGPSbyZ+8
26,Cassandra,Foster,wobrien,4dMF^!E7@$
27,Cynthia,Lane,rowlandchris,$cl0CKE+Q7
28,Anne,Holmes,david81,z_0BCjcE*U
29,Cheryl,Brown,haleyleon,%59Ddn98+V
30,Audrey,Armstrong,sanchezlaura,Gl6cFda0y#
31,Lori,Shannon,michael94,$C1BDN@m%3
32,Christopher,Vaughn,floreselizabeth,(iSE8Z9G02
33,Ashlee,Jackson,dunnsharon,9yUmSX0I&1
34,Jacqueline,Taylor,kphillips,@6gCeRIg_Y
35,Renee,Green,elizabethmontgomery,5&q0WYMi$B
36,Cynthia,Brown,greg48,$m6OlcRom+
37,Kari,Richards,dwilliams,*EZE4Hg)(A
38,Kenneth,Moore,paul38,2_&5RyczSm
39,Fernando,Ortega,adamsjuan,_4_DbvGn0s
40,Dawn,Hawkins,qrosales,$2i87TwHBv
41,Gregory,Howell,utaylor,*$FI4H0f8E
42,Christopher,Miller,barnesangela,%DUKGcea43
43,Timothy,Harris,vperry,_sx4O)Ao5)
44,William,Hamilton,ryan05,6iWSJQs^+f
45,Amanda,Joyce,lewislacey,56vcGYiN&G
46,Nicole,Castro,timothy16,*Mp_nRrU4T
47,Jeremy,Jones,durhamstacey,cW0EQ^Wb&O
48,Cheryl,Mcgrath,wallacerachel,!m65Gddb2e
49,Jeffery,Mann,jessicabell,8wYIk%y@$o
50,Danielle,Baker,jennifer77,joI8OOsu&3
51,Peter,Graves,robertarmstrong,^Lj6zTjh$I
52,Derrick,Smith,vschaefer,z8tyhdRx&M
53,Shawn,Robinson,megan38,2f@S!sAg#_
54,Kenneth,Hines,pgilbert,X(BldSe@%3
55,David,Berry,echarles,!r6Vt8snN$
56,Darius,Brown,riveracrystal,1E3Vnq95_p
57,Elizabeth,Curry,laurawashington,%4TMCn6c$#
58,Stephanie,Hall,shannon66,C&4RcFp4qe
59,Alicia,Wilson,bmcconnell,s_3jIygXqK
60,Samuel,Smith,emilybrown,34Pl*0v(&o
61,Annette,Johnson,turnerdavid,c*etC1Kkj^
62,Kathryn,Fuller,nathan74,PjLq(I#i#8
63,Justin,Long,james56,pQ)JxxRd&4
64,Christine,Lawson,albertlopez,1qubWbRp*%
65,Dennis,Franco,rjefferson,+l3M@&Ozr4
66,Danielle,Wolf,salascharlotte,%2O!Otec#N
67,John,Foster,gomezashley,V_wA2THuwL
68,Lawrence,Thomas,kevinsawyer,*Gn*2jFvbq
69,Chelsea,Simmons,brandonlewis,z_E04EmhmO
70,Christine,Craig,thomas45,8u8pgEff+U
71,Nicole,Jackson,rochajohnny,*N8*7QBnle
72,Anna,Hurley,josephperry,$i(CyENqF4
73,Ryan,Johnson,fbryant,d0)A4HrtlJ
74,Cheyenne,Jones,andreasolomon,#5RU1EVoiy
75,Michael,Schmidt,margaret72,^7C9Aeqj6$
76,Jennifer,Atkins,wadecarrie,KD^Hg8Nq*E
77,Jonathan,Perkins,ecampbell,ibm*3VxWtP
78,Daniel,Davis,kathleen74,*y&j3N4deY
79,Sara,Hernandez,williamwright,%4X&B2G&rh
80,Maria,Chavez,duffymiguel,&NaaB!uOS4
81,Danielle,Baker,murraybrittany,+lH#RmozG2
82,Ryan,Holmes,connerryan,)10VfXH7G%
83,Charles,Ayers,hawkinsmatthew,*0)KqfM$Jf
84,Jennifer,Hoffman,derek07,#v5MCtshLD
85,Breanna,Padilla,ksutton,%&0XhgBe%&
86,John,Barry,yaguirre,*h6%HzuBFY
87,Anne,Tran,timothy66,x^3NU!bCVt
88,Jill,Nichols,beltranzachary,*5q41MKp)+
89,Alexa,Chapman,josephsanders,)hZcMsxFR0
90,Chad,Robertson,robertjones,_tm86RQk8t
91,Dorothy,Dixon,robertcowan,%rDM5qap0z
92,William,Espinoza,kristy89,pK0Mp3Pt+F
93,Bobby,Pena,hessmackenzie,*gMkY)Cb+2
94,Paul,Reynolds,billy49,1p)iA$zS@P
95,Michael,Lambert,gregory50,*ZA1Kwb&WM
96,Alyssa,Moore,brandon51,vrwDodYr$6
97,Patrick,Black,jaredrivera,_z_hUoTG1a
98,Jacqueline,Bishop,dominguezhannah,_5dCS72xpQ
99,Sarah,Morgan,pstevens,Y_2ekB*n6F
100,Nathaniel,Miller,aaronsilva,U#P7LTyHbE
